id,title,author,old_cover,new_cover
21220,"Aap Beeti - آپ بیتی","Maulana Zakariyya Kandhelvi","https://besturdubooks.net/wp-content/uploads/2021/12/Aap-Beeti-Audio-Book.jpg","https://besturdubooks.net/wp-content/uploads/2024/07/KHAWATEEN_"
15305,"Maqam e Mahmud English","Mufti Akhtar Imam Adil Qasmi","https://besturdubooks.net/wp-content/uploads/2020/10/MAQAM_E_MAHMUD_ENGLISH.jpg","https://besturdubooks.net/wp-content/uploads/2019/11/MUHLIK_ROH"
21226,"Khawateen e Islam ke Karname By Maulana Zulfiqar Ahmad Naqshbandi خواتین اسلام کے کارنامے","Maulana Zulfiqar Ahmad Naqshbandi","https://besturdubooks.net/wp-content/uploads/2024/07/KHAWATEEN_E_ISLAM_K_KARNAME.jpg","https://besturdubooks.net/wp-content/uploads/2016/05/khutbaat-e"
21238,"Muhlik Roohani Amraz","Maulana Zulfiqar Ahmad Naqshbandi","https://besturdubooks.net/wp-content/uploads/2019/11/MUHLIK_ROHANI_AMRAZ.jpg","https://besturdubooks.net/wp-content/uploads/2020/12/ZAMANA_E_T"
21257,"Khutbaat e Faqeer - خطبات فقیر","Maulana Zulfiqar Ahmad Naqshbandi","https://besturdubooks.net/wp-content/uploads/2016/05/khutbaat-e-faqeer.jpg","https://besturdubooks.net/wp-content/uploads/2013/12/Muhabbat-e"
21237,"Zamana e Talib e Ilmi Kaise Guzarein? - زمانہ طالب علمی کیسے گذاریں؟","Maulana Zulfiqar Ahmad Naqshbandi","https://besturdubooks.net/wp-content/uploads/2020/12/ZAMANA_E_TALIB_E_ILMI_KAISE_GUZAREIN.jpg","https://besturdubooks.net/wp-content/uploads/2016/04/ibaraat-e-"
15258,"Muhabbat e Ilahi - محبت الہی","Maulana Zulfiqar Ahmad Naqshbandi","https://besturdubooks.net/wp-content/uploads/2013/12/Muhabbat-e-Ilahi.jpg","https://besturdubooks.net/wp-content/uploads/2014/02/boltay-naq"
16288,"Ibaraat e Akabir عبارات اکابر","Maulana Sarfaraz Khan Safdar","https://besturdubooks.net/wp-content/uploads/2016/04/ibaraat-e-akabir.jpg","https://besturdubooks.net/wp-content/uploads/2024/12/DIGITAL_TA"
14988,"Boltay Naqshay - بولتے نقشے","Mufti Abu Lubaba Shah Mansoor","https://besturdubooks.net/wp-content/uploads/2014/02/boltay-naqshay.jpg","https://besturdubooks.net/wp-content/uploads/2020/11/NAQSHBANDI"
21294,"Digital Tasweer ki Haqiqat aur Ahkam By Mufti Akhtar Imam Adil ڈیجیٹل تصویر کی حقیقت اور احکام از مولانا مفتی اختر امام عادل قاسمی صاحب","Mufti Akhtar Imam Adil Qasmi","https://besturdubooks.net/wp-content/uploads/2024/12/DIGITAL_TASWIR_KI_HAQEEQAT_AUR_AHKAM-1.jpg","https://besturdubooks.net/wp-content/uploads/2020/11/SHYKH_AHMA"
21310,"Naqshbandia Mujaddidia Mazharia - نقشبندیہ مجددیہ مظہریہ","Mufti Akhtar Imam Adil Qasmi","https://besturdubooks.net/wp-content/uploads/2020/11/NAQSHBANDIA_MUJADDIDIA_MAZHARIA.jpg","https://besturdubooks.net/wp-content/uploads/2016/03/misali-kha"
21312,"Shykh Ahmad Sirhindi - شیخ احمد سرہندی","Mufti Akhtar Imam Adil Qasmi","https://besturdubooks.net/wp-content/uploads/2020/11/SHYKH_AHMAD_SARHINDI.jpg","https://besturdubooks.net/wp-content/uploads/2020/08/HADITH_GHA"
16897,"Misali Khatoonمثالی خاتون","Maulana Yusuf Ludhianvi","https://besturdubooks.net/wp-content/uploads/2016/03/misali-khatoon.jpg","https://besturdubooks.net/wp-content/uploads/2019/12/HAYAT_E_AB"
21314,"Hadith e Ghazwa tul Hind Tehqeeq o Tatbeeq حدیث غزوۃ الہند تحقیق و تدقیق","Mufti Akhtar Imam Adil Qasmi","https://besturdubooks.net/wp-content/uploads/2020/08/HADITH_GHAZWA_TUL_HIND.jpg","https://besturdubooks.net/wp-content/uploads/2019/03/TAZKIRA_AB"
21316,"Hayat e Abul Mahasin By Mufti Akhtar Imam Adil Qasmi حیات ابو المحاسن","Mufti Akhtar Imam Adil Qasmi","https://besturdubooks.net/wp-content/uploads/2019/12/HAYAT_E_ABUL_MAHASIN.jpg","https://besturdubooks.net/wp-content/uploads/2014/03/khawateen-"
21318,"Tazkira Abul Mahasin - تذکرہ ابو المحاسن","Mufti Akhtar Imam Adil Qasmi","https://besturdubooks.net/wp-content/uploads/2019/03/TAZKIRA_ABUL_MAHASIN.jpg","https://besturdubooks.net/wp-content/uploads/2024/11/CURRENCY_T"
16502,"Khawateen Kay Liye Tarbiyati Bayanat - خواتین کے لیے تربیتی بیانات","Maulana Zulfiqar Ahmad Naqshbandi","https://besturdubooks.net/wp-content/uploads/2014/03/khawateen-kay-liye-tarbiyati-bayanat.jpg","https://besturdubooks.net/wp-content/uploads/2020/11/CHISHT_AHL"
15413,"Currency Tarikh, Irtiqa aur Ahkam By Mufti Akhtar Imam Adil کرنسی تاریخ، ارتقاء اور احکام از مولانا مفتی اختر امام عادل قاسمی صاحب","Mufti Akhtar Imam Adil Qasmi","https://besturdubooks.net/wp-content/uploads/2024/11/CURRENCY_TARIKH_IRTIQA_AHKAM.jpg","https://besturdubooks.net/wp-content/uploads/2020/07/UTAR_GAYE_"
21311,"Chisht Ahl e Bahisht - چشت اہل بہشت","Mufti Akhtar Imam Adil Qasmi","https://besturdubooks.net/wp-content/uploads/2020/11/CHISHT_AHL_E_BAHISHT.jpg","https://besturdubooks.net/wp-content/uploads/2019/06/MAHOLIYAT_"
21315,"Utar Gaye Manzalon kay Cheray اتر گئے منزلوں کے چہرے","Mufti Akhtar Imam Adil Qasmi","https://besturdubooks.net/wp-content/uploads/2020/07/UTAR_GAYE_MANZALON_K_CHEHRAY.jpg","https://besturdubooks.net/wp-content/uploads/2017/03/MAQALAT-O-"
21317,"Maholiyati Aloodgi Ahkam o Masail - ماحولیاتی آلودگی احکام و مسائل","Mufti Akhtar Imam Adil Qasmi","https://besturdubooks.net/wp-content/uploads/2019/06/MAHOLIYAT_ALOODGI_AHKAM_O_MASAIL.jpg","https://besturdubooks.net/wp-content/uploads/2020/01/MAQALAAT_S"
16657,"Maqalat o Mazameen By Mufti Muhammad Jafar Milly مقالات و مضامین","Mufti Muhammad Jafar Milly","https://besturdubooks.net/wp-content/uploads/2017/03/MAQALAT-O-MAZAMEEN.jpg","https://besturdubooks.net/wp-content/uploads/2017/02/KHUTBAAT-U"
21359,"Maqalaat e Sofiyaa By Maulana Ashraf Ali Thanvi مقالات صوفیاء","Mufti Muhammad Shafi Usmani","https://besturdubooks.net/wp-content/uploads/2020/01/MAQALAAT_SOFIYAA.jpg","https://besturdubooks.net/wp-content/uploads/2014/06/jawahir-ul"
14363,"Khutbat ul Ahkam By Maulana Ashraf Ali Thanvi خطبات الاحکام","Mufti Muhammad Shafi Usmani","https://besturdubooks.net/wp-content/uploads/2017/02/KHUTBAAT-UL-AHKAM.jpg","https://besturdubooks.net/wp-content/uploads/2023/04/MEER_ZAHID"
21375,"Jawahir ul Fiqh - جواہر الفقہ","Mufti Muhammad Shafi Usmani","https://besturdubooks.net/wp-content/uploads/2014/06/jawahir-ul-fiqh.jpg","https://besturdubooks.net/wp-content/uploads/2020/04/AL-MUTAWWA"
16969,"Al Tahreer ul Misalia Urdu التحریر المثالیہ فی حل الحاشیہ الخیالیہ","نامعلوم","https://besturdubooks.net/wp-content/uploads/2023/04/MEER_ZAHID.jpg","https://besturdubooks.net/wp-content/uploads/2023/04/MEER_ZAHID"
16970,"Al Mutawwal المطول","نامعلوم","https://besturdubooks.net/wp-content/uploads/2020/04/AL-MUTAWWAL.jpg","https://besturdubooks.net/wp-content/uploads/2023/04/MEER_ZAHID"
16978,"Badr un Nujoom Urdu Sharh Sullam ul Uloom بدر النجوم","نامعلوم","https://besturdubooks.net/wp-content/uploads/2023/04/MEER_ZAHID.jpg","https://besturdubooks.net/wp-content/uploads/2023/04/MEER_ZAHID"
16979,"Bahrul Uloom Arabic Sharh Sullam ul Uloom بحرالعلوم","نامعلوم","https://besturdubooks.net/wp-content/uploads/2023/04/MEER_ZAHID.jpg","https://besturdubooks.net/wp-content/uploads/2023/04/MEER_ZAHID"
16980,"Zia un Nujoom Arabic Sharh Sullam ul Uloom ضیاء النجوم","نامعلوم","https://besturdubooks.net/wp-content/uploads/2023/04/MEER_ZAHID.jpg","https://besturdubooks.net/wp-content/uploads/2024/07/ALMIYAH_BA"
16983,"Qazi Mubarak Arbic Sharh Sullam ul Uloom القاضی","نامعلوم","https://besturdubooks.net/wp-content/uploads/2023/04/MEER_ZAHID.jpg","https://besturdubooks.net/wp-content/uploads/2014/05/maqalat-e-"
13703,"تہذیب الطحاوی شرح اردو شرح معانی الآثار مولانا شمس الحق صاحب شہاب زئی","نامعلوم","https://besturdubooks.net/wp-content/uploads/2024/07/ALMIYAH_BANAT_TALIBAT_WIFAQ.jpg","https://besturdubooks.net/wp-content/uploads/2015/01/maulana-qa"
16682,"Maqalat e Hakeem ul Islam - مقالات حکیم الاسلام","Maulana Qari Tayyab Qasmi","https://besturdubooks.net/wp-content/uploads/2014/05/maqalat-e-hakeem-ul-islam.jpg","https://besturdubooks.net/wp-content/uploads/2023/04/MEER_ZAHID"
16671,"مولانا قاسم نانوتوی کی دینی و علمی خدمات کا تحقیقی مطالعہ","Maulana Qasim Nanotvi","https://besturdubooks.net/wp-content/uploads/2015/01/maulana-qasim-nanotvi-ki-deeni-aur-ilmi-khidmaat-ka-tahqeeqi-mutala.jpg","https://besturdubooks.net/wp-content/uploads/2018/04/JAWAHIR_UR"
16991,"Ashraf ul Marzi Urdu Sharh Maibazi اشرف المرضی","نامعلوم","https://besturdubooks.net/wp-content/uploads/2023/04/MEER_ZAHID.jpg","https://besturdubooks.net/wp-content/uploads/2018/04/ANWAAR_UR_"
16435,"Jawahir ur Rasheed By Mufti Rasheed Ahmad Ludhyanvi جواھر الرشید","Mufti Rasheed Ahmad Ludhianvi","https://besturdubooks.net/wp-content/uploads/2018/04/JAWAHIR_UR_RASHEED-1.jpg","https://besturdubooks.net/wp-content/uploads/2023/04/MEER_ZAHID"
21459,"Anwaar ur Rasheed By Mufti Rasheed Ahmad Ludhyanvi انوار الرشید","Mufti Rasheed Ahmad Ludhianvi","https://besturdubooks.net/wp-content/uploads/2018/04/ANWAAR_UR_RASHEED-1.jpg","https://besturdubooks.net/wp-content/uploads/2023/04/MEER_ZAHID"
16996,"Masdar Us Sudoor Arabic Sharh Mulla Abdul Ghafoor","نامعلوم","https://besturdubooks.net/wp-content/uploads/2023/04/MEER_ZAHID.jpg","https://besturdubooks.net/wp-content/uploads/2014/10/kitnay-bar"
16997,"Majmooa e Mantiq مجموعہ منطق","نامعلوم","https://besturdubooks.net/wp-content/uploads/2023/04/MEER_ZAHID.jpg","https://besturdubooks.net/wp-content/uploads/2023/04/ZANJANI.jp"
16484,"Kitnay Baray hain Hoslay Parvardigar kay - کتنے بڑے ہیں حوصلے پروردگار کے","Maulana Zulfiqar Ahmad Naqshbandi","https://besturdubooks.net/wp-content/uploads/2014/10/kitnay-baray-hain-hoslay-parvardigar-kay.jpg","https://besturdubooks.net/wp-content/uploads/2023/04/ZANJANI.jp"
17002,"Zanjani زنجانی","نامعلوم","https://besturdubooks.net/wp-content/uploads/2023/04/ZANJANI.jpg","https://besturdubooks.net/wp-content/uploads/2015/01/khutbat-e-"
17003,"Zanjani زنجانی","نامعلوم","https://besturdubooks.net/wp-content/uploads/2023/04/ZANJANI.jpg","https://besturdubooks.net/wp-content/uploads/2014/06/duaen-qabo"
16672,"Khutbat e Azad By Maulana Abul Kalam Azad خطبات آزاد","Maulana Abul Kalam Azad","https://besturdubooks.net/wp-content/uploads/2015/01/khutbat-e-azad.jpg","https://besturdubooks.net/wp-content/uploads/2014/01/amal-se-zi"
16486,"Duaen Qabool na Honay ki Wajuhaat - دعائیں قبول نہ ہونے کی وجوہات","Maulana Zulfiqar Ahmad Naqshbandi","https://besturdubooks.net/wp-content/uploads/2014/06/duaen-qabool-na-honay-ki-wajuhaat.jpg","https://besturdubooks.net/wp-content/uploads/2015/03/maulana-il"
16687,"Amal se Zindagi Banti hai - عمل سے زندگی بنتی ہے","Maulana Zulfiqar Ahmad Naqshbandi","https://besturdubooks.net/wp-content/uploads/2014/01/amal-se-zindagi-banti-hai.jpg","https://besturdubooks.net/wp-content/uploads/2014/01/muhazarat-"
16366,"Maulana Ilyas aur unki Dini Dawat By Maulana Abul Hasan Ali Nadvi مولانا الیاس اور ان کی دینی دعوت","Maulana Abul Hasan Ali Nadvi","https://besturdubooks.net/wp-content/uploads/2015/03/maulana-ilyas-aur-unki-dini-dawat.jpg","https://besturdubooks.net/wp-content/uploads/2013/11/Maqalat-E-"
15500,"Muhazarat e Maeeshat o Tijarat By Dr. Mahmood Ahmad Ghazi محاضرات معیشت و تجارت","Dr. Mahmood Ahmad Ghazi","https://besturdubooks.net/wp-content/uploads/2014/01/muhazarat-e-maeeshat-o-tijarat.jpg","https://besturdubooks.net/wp-content/uploads/2016/05/zabaan-ki-"
16692,"Maqalat e Shibli By Allama Shibli Nomani مقالات شبلی","Allama Shibli Nomani","https://besturdubooks.net/wp-content/uploads/2013/11/Maqalat-E-Shibli.jpg","https://besturdubooks.net/wp-content/uploads/2024/07/ALIYAH_BAN"
13856,"Zaban ki Hifazat By Maulana Ashiq Ilahi Buland Shehri زبان کی حفاظت","Maulana Ashiq Ilahi Bulandshehri","https://besturdubooks.net/wp-content/uploads/2016/05/zabaan-ki-hifazat-1.jpg","https://besturdubooks.net/wp-content/uploads/2024/07/ALIYAH_BAN"
20270,"مشکوۃ المصابیح قدیمی کتب خانہ","نامعلوم","https://besturdubooks.net/wp-content/uploads/2024/07/ALIYAH_BANAT_TALIBAT_WIFAQ.jpg","https://besturdubooks.net/wp-content/uploads/2024/07/ALMIYAH_BA"
20271,"مشکوۃ المصابیح مکتبہ رحمانیہ","نامعلوم","https://besturdubooks.net/wp-content/uploads/2024/07/ALIYAH_BANAT_TALIBAT_WIFAQ.jpg","https://besturdubooks.net/wp-content/uploads/2013/09/muhazirat-"
20278,"کتاب تیسیر مصطلح الحدیث","نامعلوم","https://besturdubooks.net/wp-content/uploads/2024/07/ALMIYAH_BANAT_TALIBAT_WIFAQ.jpg","https://besturdubooks.net/wp-content/uploads/2024/07/ALIYAH_BAN"
15397,"Muhazaraat e Seerat By Dr. Mahmood Ahmad Ghazi محاضرات سیرت","Dr. Mahmood Ahmad Ghazi","https://besturdubooks.net/wp-content/uploads/2013/09/muhazirat-eseerat-1.jpg","https://besturdubooks.net/wp-content/uploads/2021/01/AL_AUNUL_K"
20269,"کتاب مشکاۃ المصابیح","نامعلوم","https://besturdubooks.net/wp-content/uploads/2024/07/ALIYAH_BANAT_TALIBAT_WIFAQ.jpg","https://besturdubooks.net/wp-content/uploads/2015/12/payam-e-se"
13547,"Al Aun ul Kabir Arabic Sharh Al Faozul Kabir - العون الکبیر عربی شرح الفوز الکبیر","Maulana Saeed Ahmad Palanpuri","https://besturdubooks.net/wp-content/uploads/2021/01/AL_AUNUL_KABEER.jpg","https://besturdubooks.net/wp-content/uploads/2018/02/Qurani-Ifa"
15367,"Payam e Seerat By Maulana Khalid Saifullah Rahmani پیام سیرت عصر حاضر کے پس منظر میں","Maulana Khalid Saifullah Rahmani","https://besturdubooks.net/wp-content/uploads/2015/12/payam-e-seerat.jpg","https://besturdubooks.net/wp-content/uploads/2021/03/ALFIYATUL_"
13477,"Qurani Ifadaat By Maulana Abul Hasan Ali Nadvi قرآنی افادات","Maulana Abul Hasan Ali Nadvi","https://besturdubooks.net/wp-content/uploads/2018/02/Qurani-Ifadaat.jpg","https://besturdubooks.net/wp-content/uploads/2024/07/KHASA_BANA"
13700,"Alfiyatul Hadith By Maulana Manzoor Nomani الفیۃ الحدیث","Maulana Manzoor Nomani","https://besturdubooks.net/wp-content/uploads/2021/03/ALFIYATUL_HADITH.jpg","https://besturdubooks.net/wp-content/uploads/2017/04/GUNAHON-SA"
13588,"خلاصۃ التجوید از قاری اظہار احمد تھانوی صاحب","نامعلوم","https://besturdubooks.net/wp-content/uploads/2024/07/KHASA_BANAT_TALIBAT_WIFAQ.jpg","https://besturdubooks.net/wp-content/uploads/2024/07/JAWAME_UL_"
15215,"Gunahon se Tauba Kijiye - گناھوں سے توبہ کیجئے","Maulana Zulfiqar Ahmad Naqshbandi","https://besturdubooks.net/wp-content/uploads/2017/04/GUNAHON-SAY-TAUBA-KIJIYE.jpg","https://besturdubooks.net/wp-content/uploads/2024/07/ALIYAH_BAN"
13645,"Jawamiul Kalim By Mufti Muhammad Shafi جوامع الکلم","Mufti Muhammad Shafi Usmani","https://besturdubooks.net/wp-content/uploads/2024/07/JAWAME_UL_KALIM.jpg","https://besturdubooks.net/wp-content/uploads/2018/08/HAJJ_O_UMR"
15078,"اشرف الفوائد شرح اردو شرح العقائد مفتی فدا محمد صاحب","نامعلوم","https://besturdubooks.net/wp-content/uploads/2024/07/ALIYAH_BANAT_TALIBAT_WIFAQ.jpg","https://besturdubooks.net/wp-content/uploads/2016/04/hajj-o-umr"
14372,"Aham Masail - اہم مسائل","Mufti Muhammad Jafar Milly","https://besturdubooks.net/wp-content/uploads/2018/08/HAJJ_O_UMRAH_K_AHAM_MASAIL.jpg","https://besturdubooks.net/wp-content/uploads/2014/07/zakat-kay-"
14377,"Hajj o Umrah حج وعمرہ","Maulana Yusuf Ludhianvi","https://besturdubooks.net/wp-content/uploads/2016/04/hajj-o-umrah.jpg","https://besturdubooks.net/wp-content/uploads/2014/02/durood-sha"
14396,"Zakat kay Masail ka Encyclopedia - زکوۃ کے مسائل کا انسائیکلوپیڈیا","Mufti Inam ul Haq Qasmi","https://besturdubooks.net/wp-content/uploads/2014/07/zakat-kay-masail-ka-encyclopedia.jpg","https://besturdubooks.net/wp-content/uploads/2013/10/Mustanad-N"
14422,"Durood Sharif Parhne ka Shari Tariqa - درود شریف پڑھنے کا شرعی طریقہ","Maulana Sarfaraz Khan Safdar","https://besturdubooks.net/wp-content/uploads/2014/02/durood-sharif-parhne-ka-shari-tariqa.jpg","https://besturdubooks.net/wp-content/uploads/2013/12/Sood_Khor_"
14429,"Mustanad Namaz e Hanafi By Maulana Imdadullah Anwar مستند نماز حنفی","Maulana Imdadullah Anwar","https://besturdubooks.net/wp-content/uploads/2013/10/Mustanad-Namaz-e-Hanafi.jpg","https://besturdubooks.net/wp-content/uploads/2024/12/Dars-e-Niz"
14426,"Sood Khor se Allah aur Rasool ka Elan e Jang - سود خور سے اللہ اور رسول کا اعلان جنگ","Mufti Rasheed Ahmad Ludhianvi","https://besturdubooks.net/wp-content/uploads/2013/12/Sood_Khor_Se_Allah_Aur_Rasool_Ka_Elan_E_Jang.jpg","https://besturdubooks.net/wp-content/uploads/2024/07/ALIYAH_BAN"
13878,"Ahadees e Khair ul Anam – Ashraf ul Kalam By Maulana Ashraf Ali Thanvi احادیث خیر الانام – اشرف الکلام","Maulana Ashraf Ali Thanvi","https://besturdubooks.net/wp-content/uploads/2024/12/Dars-e-Nizami.png","https://besturdubooks.net/wp-content/uploads/2021/03/FAIZ_UL_MU"
15059,"بیان الفوائد اردو شرح شرح العقائد مولانا مجیب اللہ صاحب گونڈوی","نامعلوم","https://besturdubooks.net/wp-content/uploads/2024/07/ALIYAH_BANAT_TALIBAT_WIFAQ.jpg","https://besturdubooks.net/wp-content/uploads/2014/05/rozy-kay-m"
13941,"Faiz ul Munim Urdu Sharha Muqaddimah e Muslim - فیض المنعم اردو شرح مقدمہ مسلم","Maulana Saeed Ahmad Palanpuri","https://besturdubooks.net/wp-content/uploads/2021/03/FAIZ_UL_MUNIM_URDU_SHARHA_MUQADDIMAH_E_MUSLIM.jpg","https://besturdubooks.net/wp-content/uploads/2016/06/ramzan-ul-"
14406,"Rozy kay Masail ka Encyclopedia روزے کے مسائل کا انسائیکلوپیڈیا","Mufti Inam ul Haq Qasmi","https://besturdubooks.net/wp-content/uploads/2014/05/rozy-kay-masail-ka-encyclopedia.jpg","https://besturdubooks.net/wp-content/uploads/2013/12/Tasawwuf-E"
14376,"Ramzan ul Mubarak aur uske Taqaze By Allama Abul Hasan Ali Nadwi رمضان المبارک اور اسکے تقاضے","Maulana Abul Hasan Ali Nadvi","https://besturdubooks.net/wp-content/uploads/2016/06/ramzan-ul-mubarak-awr-uske-taqaze-1.jpg","https://besturdubooks.net/wp-content/uploads/2015/12/jadeed-mal"
14866,"Tasawwuf e Islam By Maulana Abdul Majid Daryabadi تصوف اسلام","Maulana Abdul Majid Daryabadi","https://besturdubooks.net/wp-content/uploads/2013/12/Tasawwuf-E-Islam.jpg","https://besturdubooks.net/wp-content/uploads/2020/10/RAJAM_KI_S"
14385,"Jadeed Maliyati Idaray By Maulana Khalid Saifullah Rahmani جدید مالیاتی ادارے","Maulana Khalid Saifullah Rahmani","https://besturdubooks.net/wp-content/uploads/2015/12/jadeed-maliyati-idaray.jpg","https://besturdubooks.net/wp-content/uploads/2019/01/FIQH_ISLAM"